{
  "wer": 32.89170506912442,
  "cer": 12.117888965044552,
  "num_samples": 200
}